ID,Name,Email,Active,Type,Balance,"CREATED AT"
1,"Md. Zahid",rkassulke@example.com,0,ADMIN,BDT 0.00,"12/11/2021 04:18:11"
2,"Cricket Test",cse@example.net,0,MEMBER,BDT 0.00,"12/11/2021 04:18:11"
3,Rana,armstrong.carmine@example.com,1,,BDT 0.00,"12/11/2021 04:18:11"
4,Cse,corkery.lavonne@example.com,1,,BDT 0.00,"12/11/2021 04:18:11"
5,"Keshaun Lemke",irma59@example.org,1,,BDT 0.00,"12/11/2021 04:18:11"
6,"Tiana Hackett I",dahlia.gibson@example.net,0,,BDT 0.00,"12/11/2021 04:18:11"
7,"Zita Volkman",xhoppe@example.net,1,,BDT 0.00,"12/11/2021 04:18:11"
8,"Merle Oberbrunner DVM",ljerde@example.net,1,,BDT 0.00,"12/11/2021 04:18:11"
9,"Imelda Emard",tony.pollich@example.com,0,,BDT 0.00,"12/11/2021 04:18:11"
10,"Vladimir Zboncak",marjolaine.runte@example.org,1,,BDT 0.00,"12/11/2021 04:18:11"
11,Abdullah,Abdullah@example.org,1,MEMBER,BDT 0.00,"12/11/2021 04:18:11"
12,"Mrs. Shayna Goyette",devin27@example.com,1,,BDT 0.00,"12/11/2021 04:18:11"
13,"Alta Hand Sr.",brigitte.kutch@example.net,0,,BDT 0.00,"12/11/2021 04:18:11"
14,"Ford Von",harris.evan@example.org,1,,BDT 0.00,"12/11/2021 04:18:11"
15,"Dr. Merle Gleason Jr.",aufderhar.dimitri@example.net,1,,BDT 0.00,"12/11/2021 04:18:11"
16,"Herta Mertz",boehm.miguel@example.com,1,,BDT 0.00,"12/11/2021 04:18:11"
17,"Dr. Dwight Wintheiser",uconnelly@example.org,1,,BDT 0.00,"12/11/2021 04:18:11"
18,"Jose Paucek",anna66@example.net,0,,BDT 0.00,"12/11/2021 04:18:11"
19,"Alayna Bashirian",timothy.conn@example.org,1,,BDT 0.00,"12/11/2021 04:18:11"
20,"Ansley Gutmann",lia.casper@example.com,1,,BDT 0.00,"12/11/2021 04:18:11"
21,"Mrs. XYZ Spencer",kmertz@example.net,1,MEMBER,BDT 0.00,"12/11/2021 04:18:11"
22,"Dr. Korbin Ratke MD",lemke.candelario@example.org,1,,BDT 0.00,"12/11/2021 04:18:11"
23,"Ms. Antonette Rice V",klocko.pamela@example.net,0,,BDT 0.00,"12/11/2021 04:18:11"
24,"Dr. Haven O'Hara",devonte.stamm@example.com,1,,BDT 0.00,"12/11/2021 04:18:11"
25,"Hope Kuhic",sschinner@example.org,1,,BDT 0.00,"12/11/2021 04:18:11"
26,"Joaquin Buckridge Jr.",rae12@example.org,1,,BDT 0.00,"12/11/2021 04:18:11"
27,"Shany Larkin",khessel@example.org,1,,BDT 0.00,"12/11/2021 04:18:11"
28,"Everardo Kuvalis",kassulke.bailey@example.org,0,,BDT 0.00,"12/11/2021 04:18:11"
29,"Tiara Mante",yblanda@example.net,1,,BDT 0.00,"12/11/2021 04:18:11"
30,"Carley Volkman III",wolff.cristobal@example.com,1,,BDT 0.00,"12/11/2021 04:18:11"
31,"Dr. Olin Corkery",clair.gleichner@example.org,1,,BDT 0.00,"12/11/2021 04:18:11"
32,"Prof. Mya Volkman PhD",eric09@example.com,1,,BDT 0.00,"12/11/2021 04:18:11"
33,"Brant Sipes",santa.ritchie@example.net,1,,BDT 0.00,"12/11/2021 04:18:11"
34,"Genoveva Gulgowski",ian86@example.com,1,,BDT 0.00,"12/11/2021 04:18:11"
35,"Hardy Mueller",marley.gibson@example.org,1,,BDT 0.00,"12/11/2021 04:18:11"
36,"Rory Bogisich",grayson51@example.com,1,,BDT 0.00,"12/11/2021 04:18:11"
37,"Maymie Raynor I",giovani04@example.com,1,,BDT 0.00,"12/11/2021 04:18:12"
38,"Erick Zulauf III",lemke.rosie@example.net,1,,BDT 0.00,"12/11/2021 04:18:12"
39,"Yasmine Williamson",connelly.melba@example.org,1,,BDT 0.00,"12/11/2021 04:18:12"
40,"Name Steuber PhD",tamia.hills@example.net,1,,BDT 0.00,"12/11/2021 04:18:12"
41,"Miss Albertha Monahan",xzulauf@example.net,1,,BDT 0.00,"12/11/2021 04:18:12"
42,"Ms. Lucy Walker",keebler.lawson@example.net,1,,BDT 0.00,"12/11/2021 04:18:12"
43,"Mittie Corkery",kieran85@example.org,1,,BDT 0.00,"12/11/2021 04:18:12"
44,"Carolyn Thiel",amiller@example.com,1,,BDT 0.00,"12/11/2021 04:18:12"
45,"Liliana Gislason",opredovic@example.com,1,,BDT 0.00,"12/11/2021 04:18:12"
46,"Orie Shields",karolann56@example.com,1,,BDT 0.00,"12/11/2021 04:18:12"
47,"Vernon Hermann",nils56@example.net,1,,BDT 0.00,"12/11/2021 04:18:12"
48,"Blanche Howe IV",dante.bahringer@example.com,1,,BDT 0.00,"12/11/2021 04:18:12"
49,"Dr. Jaydon Volkman PhD",sterling.boyer@example.org,1,,BDT 0.00,"12/11/2021 04:18:12"
50,"Ruben Boyer",delaney.braun@example.org,1,,BDT 0.00,"12/11/2021 04:18:12"
51,"Gerald Ritchie",aurore.dare@example.net,1,,BDT 0.00,"12/11/2021 05:28:04"
52,"Max Braun DDS",winifred.littel@example.net,1,,BDT 0.00,"12/11/2021 05:28:04"
53,"Ignacio Carter",leuschke.amie@example.org,1,,BDT 0.00,"12/11/2021 05:28:04"
54,"Mr. Giovani Daniel",chaya.will@example.net,1,,BDT 0.00,"12/11/2021 05:28:04"
55,"Dr. Constantin Gerlach",lucious62@example.net,1,,BDT 0.00,"12/11/2021 05:28:04"
56,"Eino O'Reilly IV",waters.karli@example.net,1,,BDT 0.00,"12/11/2021 05:28:04"
57,"Arnold Frami",kohler.kelton@example.com,1,,BDT 0.00,"12/11/2021 05:28:04"
58,"Prof. Cleve Kunde IV",howell.christelle@example.net,1,,BDT 0.00,"12/11/2021 05:28:04"
59,"Savanah Mayer",cole.hettinger@example.org,1,,BDT 0.00,"12/11/2021 05:28:04"
60,"Antonietta Lesch I",lilian.kilback@example.com,1,,BDT 0.00,"12/11/2021 05:28:04"
61,"Devon Denesik",jaida.king@example.net,1,,BDT 0.00,"12/11/2021 05:28:04"
62,"Arvid Spencer",torp.delaney@example.net,1,,BDT 0.00,"12/11/2021 05:28:04"
63,"Jacklyn Stracke PhD",magdalen20@example.com,1,,BDT 0.00,"12/11/2021 05:28:04"
64,"Dr. Arjun Crooks",judson.bosco@example.com,1,,BDT 0.00,"12/11/2021 05:28:04"
65,"Dr. Jabari Ryan",rohan.sven@example.com,1,,BDT 0.00,"12/11/2021 05:28:04"
66,"Reta Hettinger DDS",lmorar@example.org,1,,BDT 0.00,"12/11/2021 05:28:04"
67,"Sonia Greenholt",nbogisich@example.net,1,,BDT 0.00,"12/11/2021 05:28:04"
68,"Bernita Oberbrunner",shannon87@example.com,1,,BDT 0.00,"12/11/2021 05:28:04"
69,"Dr. Eliezer Waters IV",elmo88@example.org,1,,BDT 0.00,"12/11/2021 05:28:05"
70,"Chesley Kessler",hhalvorson@example.net,1,,BDT 0.00,"12/11/2021 05:28:05"
71,"Beryl Kertzmann",rogahn.ottilie@example.net,1,,BDT 0.00,"12/11/2021 05:28:05"
72,"Olaf Lesch",wboyle@example.org,1,,BDT 0.00,"12/11/2021 05:28:05"
73,"Ms. Marina Kovacek DVM",hellen31@example.net,1,,BDT 0.00,"12/11/2021 05:28:05"
74,"Gerda Torp",dorian.willms@example.com,1,,BDT 0.00,"12/11/2021 05:28:05"
75,"Zoila Yundt",velva09@example.com,1,,BDT 0.00,"12/11/2021 05:28:05"
76,"Mrs. Mabel Reinger",shawn.nader@example.net,1,,BDT 0.00,"12/11/2021 05:28:05"
77,"Clark Schowalter",pollich.marguerite@example.com,1,,BDT 0.00,"12/11/2021 05:28:05"
78,"Sonny VonRueden",ivah.krajcik@example.org,1,,BDT 0.00,"12/11/2021 05:28:05"
79,"Walton Daniel",aurore70@example.net,1,,BDT 0.00,"12/11/2021 05:28:05"
80,"Geraldine Feest",satterfield.nichole@example.com,1,,BDT 0.00,"12/11/2021 05:28:05"
81,"Fidel Howell",ullrich.dedric@example.org,1,,BDT 0.00,"12/11/2021 05:28:05"
82,"Clinton King",kadams@example.org,1,,BDT 0.00,"12/11/2021 05:28:05"
83,"Mr. Cecil Murphy DVM",jerod73@example.net,1,,BDT 0.00,"12/11/2021 05:28:05"
84,"Adrianna Thiel MD",ward.delores@example.com,1,,BDT 0.00,"12/11/2021 05:28:05"
85,"Mr. Wellington Dicki III",feeney.krystina@example.com,1,,BDT 0.00,"12/11/2021 05:28:05"
86,"Rod Kuphal",jeramy.lehner@example.net,1,,BDT 0.00,"12/11/2021 05:28:05"
87,"Ron Kassulke",kkiehn@example.com,1,,BDT 0.00,"12/11/2021 05:28:05"
88,"Mrs. Alysa Abbott",kweissnat@example.net,1,,BDT 0.00,"12/11/2021 05:28:05"
89,"Laron Hill Jr.",al20@example.org,1,,BDT 0.00,"12/11/2021 05:28:05"
90,"Oswaldo Carter",adam58@example.org,1,,BDT 0.00,"12/11/2021 05:28:05"
91,"Glenna Smitham",shane44@example.com,1,,BDT 0.00,"12/11/2021 05:28:05"
92,"Bernadette Braun",smith.shanon@example.net,1,,BDT 0.00,"12/11/2021 05:28:05"
93,"Prof. Michaela Nikolaus",abe20@example.net,1,,BDT 0.00,"12/11/2021 05:28:05"
94,"Dr. Misael Goldner",cummings.zita@example.org,1,,BDT 0.00,"12/11/2021 05:28:05"
95,"Julio Jacobson",friesen.era@example.com,1,,BDT 0.00,"12/11/2021 05:28:05"
96,"Dr. Korey Durgan Sr.",frami.clemmie@example.org,1,,BDT 0.00,"12/11/2021 05:28:05"
97,"Enrique Hamill",daphnee.borer@example.net,1,,BDT 0.00,"12/11/2021 05:28:05"
98,"Milan Hammes II",akerluke@example.net,1,,BDT 0.00,"12/11/2021 05:28:05"
99,"Gilbert Hauck",erin82@example.net,1,,BDT 0.00,"12/11/2021 05:28:05"
100,"Elijah Kozey",kkoelpin@example.net,1,,BDT 0.00,"12/11/2021 05:28:05"
101,"Ms. Karine Lind III",armand66@example.org,1,MEMBER,BDT 0.00,"12/11/2021 05:30:43"
102,"Dr. Rudy Beier MD",sabina37@example.com,1,MEMBER,BDT 0.00,"12/11/2021 05:30:43"
103,"Dallas Boehm",okon.wyman@example.org,1,MEMBER,BDT 0.00,"12/11/2021 05:30:43"
104,"Abdiel Langworth",julian94@example.org,1,MEMBER,BDT 0.00,"12/11/2021 05:30:43"
105,"Silas Lowe I",hmoore@example.com,1,MEMBER,BDT 0.00,"12/11/2021 05:30:43"
106,"Mrs. Claudie Wiza",prudence.schiller@example.net,1,MEMBER,BDT 0.00,"12/11/2021 05:30:43"
107,"Robb Ledner Jr.",hanna.hills@example.com,1,MEMBER,BDT 0.00,"12/11/2021 05:30:44"
108,"Dayana Stehr",nitzsche.june@example.com,1,MEMBER,BDT 0.00,"12/11/2021 05:30:44"
109,"Molly Ankunding",paxton23@example.org,1,MEMBER,BDT 0.00,"12/11/2021 05:30:44"
110,"Marley Wisoky",josianne81@example.com,1,MEMBER,BDT 0.00,"12/11/2021 05:30:44"
111,"Joseph Carter",johann82@example.org,1,MEMBER,BDT 0.00,"12/11/2021 05:30:44"
112,"Mr. Sheridan Rau DDS",clovis82@example.org,1,MEMBER,BDT 0.00,"12/11/2021 05:30:44"
113,"Ms. Leila Macejkovic",schuster.matilde@example.net,1,MEMBER,BDT 0.00,"12/11/2021 05:30:44"
114,"Seth Gorczany",gleichner.theodora@example.org,1,MEMBER,BDT 0.00,"12/11/2021 05:30:44"
115,"Joyce Turner",pacocha.monroe@example.com,1,MEMBER,BDT 0.00,"12/11/2021 05:30:44"
116,"Brain Nikolaus",tohara@example.org,1,MEMBER,BDT 0.00,"12/11/2021 05:30:44"
117,"Dr. Macy Dietrich I",rosario.cassin@example.net,1,MEMBER,BDT 0.00,"12/11/2021 05:30:44"
118,"Mr. Solon Greenholt",chesley.walker@example.org,1,MEMBER,BDT 0.00,"12/11/2021 05:30:44"
119,"Ole Leffler",wiza.daron@example.net,1,MEMBER,BDT 0.00,"12/11/2021 05:30:44"
120,"Etha Schneider",abshire.elwin@example.com,1,MEMBER,BDT 0.00,"12/11/2021 05:30:44"
121,"Dr. Mariane Rath",raynor.ewald@example.net,1,MEMBER,BDT 0.00,"12/11/2021 05:30:44"
122,"Vince O'Connell",heller.aiyana@example.org,1,MEMBER,BDT 0.00,"12/11/2021 05:30:44"
123,"Adaline McKenzie",dbauch@example.com,1,MEMBER,BDT 0.00,"12/11/2021 05:30:44"
124,"Virgil Watsica Sr.",oschoen@example.org,1,MEMBER,BDT 0.00,"12/11/2021 05:30:44"
125,"Brain Orn",johnson.rocio@example.net,1,MEMBER,BDT 0.00,"12/11/2021 05:30:44"
126,"Stephania Rau",trantow.myrtice@example.org,1,MEMBER,BDT 0.00,"12/11/2021 05:30:44"
127,"Dr. Maximilian Prohaska V",jacques.fadel@example.com,1,MEMBER,BDT 0.00,"12/11/2021 05:30:44"
128,"Lily Kuhn",jacky.jacobson@example.net,1,MEMBER,BDT 0.00,"12/11/2021 05:30:44"
129,"Eladio Metz I",jesus91@example.com,1,MEMBER,BDT 0.00,"12/11/2021 05:30:44"
130,"Marian Gutkowski",harvey41@example.net,1,MEMBER,BDT 0.00,"12/11/2021 05:30:44"
131,"Walter Satterfield",mitchell.maria@example.org,1,MEMBER,BDT 0.00,"12/11/2021 05:30:44"
132,"Tomasa Mayer",smith.khalid@example.net,1,MEMBER,BDT 0.00,"12/11/2021 05:30:44"
133,"Prof. Keon Klocko MD",rhansen@example.org,1,MEMBER,BDT 0.00,"12/11/2021 05:30:44"
134,"Ismael Schuppe",everardo.oreilly@example.org,1,MEMBER,BDT 0.00,"12/11/2021 05:30:44"
135,"Eleanore Mosciski",dooley.belle@example.net,1,MEMBER,BDT 0.00,"12/11/2021 05:30:44"
136,"Ayla Hagenes",twolf@example.com,1,MEMBER,BDT 0.00,"12/11/2021 05:30:44"
137,"Precious Cassin",yschoen@example.net,1,MEMBER,BDT 0.00,"12/11/2021 05:30:44"
138,"Dr. Verda Wisoky",meagan58@example.net,1,MEMBER,BDT 0.00,"12/11/2021 05:30:44"
139,"Valentina Kuhlman",xmorar@example.com,1,MEMBER,BDT 0.00,"12/11/2021 05:30:44"
140,"Unique Marquardt",brakus.maybell@example.org,1,MEMBER,BDT 0.00,"12/11/2021 05:30:44"
141,"Tina Waters",brown.al@example.com,1,MEMBER,BDT 0.00,"12/11/2021 05:30:44"
142,"Sebastian Davis",mills.wilfrid@example.com,1,MEMBER,BDT 0.00,"12/11/2021 05:30:44"
143,"Dayne McGlynn",marquise69@example.net,1,MEMBER,BDT 0.00,"12/11/2021 05:30:44"
144,"Ethelyn Gutmann DDS",spinka.jolie@example.com,1,MEMBER,BDT 0.00,"12/11/2021 05:30:44"
145,"Amelie Kling",victoria.zboncak@example.com,1,MEMBER,BDT 0.00,"12/11/2021 05:30:44"
146,"Darius Hahn",hardy.mckenzie@example.com,1,MEMBER,BDT 0.00,"12/11/2021 05:30:44"
147,"Prof. Addison Huels II",bailey.elijah@example.net,1,MEMBER,BDT 0.00,"12/11/2021 05:30:44"
148,"Miss Rose Green",corwin.cordelia@example.org,1,MEMBER,BDT 0.00,"12/11/2021 05:30:44"
149,"Roberto Waters",kirsten.farrell@example.org,1,MEMBER,BDT 0.00,"12/11/2021 05:30:44"
150,"Blanche Boehm",adelia63@example.org,1,MEMBER,BDT 0.00,"12/11/2021 05:30:44"
151,"Beryl Deckow V",hermann.zoie@example.org,1,MEMBER,"BDT 3,858.00","13/11/2021 05:08:39"
152,"Sylvia Kassulke",bgottlieb@example.net,1,MEMBER,"BDT 2,743.00","13/11/2021 05:08:39"
153,"Prof. Diana Pagac DVM",derick52@example.org,1,MEMBER,BDT 84.00,"13/11/2021 05:08:39"
154,"Mr. Spencer Feest",agaylord@example.net,1,MEMBER,"BDT 4,298.00","13/11/2021 05:08:39"
155,"Darren Zieme",swift.ottilie@example.com,1,MEMBER,BDT 678.00,"13/11/2021 05:08:39"
156,"Trace Blick",pschuppe@example.net,1,MEMBER,"BDT 4,526.00","13/11/2021 05:08:39"
157,"Mrs. Isabell Beer Sr.",witting.bartholome@example.net,1,MEMBER,"BDT 1,463.00","13/11/2021 05:08:39"
158,"Jorge Padberg",alaina.smitham@example.org,1,MEMBER,BDT 917.00,"13/11/2021 05:08:39"
159,"Polly Fisher",eileen98@example.net,1,MEMBER,"BDT 3,156.00","13/11/2021 05:08:39"
160,"Dr. Wade Pfannerstill Jr.",baumbach.zoey@example.net,1,MEMBER,"BDT 3,391.00","13/11/2021 05:08:39"
161,"Verda Schaefer",icollier@example.net,1,MEMBER,"BDT 1,330.00","13/11/2021 05:08:39"
162,"Miss Cassidy Collier Jr.",ykirlin@example.net,1,MEMBER,BDT 679.00,"13/11/2021 05:08:39"
163,"Prof. Blake Kub",rmayer@example.org,1,MEMBER,"BDT 4,097.00","13/11/2021 05:08:39"
164,"Wiley Kovacek",kub.willard@example.net,1,MEMBER,BDT 479.00,"13/11/2021 05:08:39"
165,"Antonina Robel",dakota67@example.net,1,MEMBER,"BDT 3,535.00","13/11/2021 05:08:39"
166,"Allison Boyle Jr.",loraine.hudson@example.org,1,MEMBER,"BDT 4,118.00","13/11/2021 05:08:39"
167,"Eino Rau",norn@example.com,1,MEMBER,"BDT 1,148.00","13/11/2021 05:08:39"
168,"Dedric Smitham",josiane.torp@example.net,1,MEMBER,"BDT 2,843.00","13/11/2021 05:08:39"
169,"Tavares O'Keefe",erna.batz@example.org,1,MEMBER,"BDT 1,255.00","13/11/2021 05:08:39"
170,"Aniyah Bergstrom",kathleen.schowalter@example.org,1,MEMBER,"BDT 4,163.00","13/11/2021 05:08:39"
171,"Sierra Steuber",lwalter@example.org,1,MEMBER,"BDT 3,280.00","13/11/2021 05:08:39"
172,"Mrs. Kenya Fadel",robyn.hagenes@example.com,1,MEMBER,BDT 108.00,"13/11/2021 05:08:39"
173,"Alberta Schneider",kristoffer.ohara@example.com,1,MEMBER,"BDT 3,998.00","13/11/2021 05:08:39"
174,"Dana Gibson",jalen.little@example.com,1,MEMBER,"BDT 2,505.00","13/11/2021 05:08:39"
175,"Rodolfo Stroman",brett23@example.com,1,MEMBER,BDT 475.00,"13/11/2021 05:08:39"
176,"Mrs. Lexie Abshire V",scottie74@example.org,1,MEMBER,BDT 454.00,"13/11/2021 05:08:39"
177,"Laila Schultz Jr.",ecarroll@example.org,1,MEMBER,"BDT 2,658.00","13/11/2021 05:08:39"
178,"Bradly Kuhn",cormier.elliott@example.org,1,MEMBER,BDT 852.00,"13/11/2021 05:08:39"
179,"Sandra Krajcik",tiffany74@example.net,1,MEMBER,"BDT 2,705.00","13/11/2021 05:08:39"
180,"Maverick Bogisich",ffritsch@example.com,1,MEMBER,BDT 13.00,"13/11/2021 05:08:39"
181,"Dr. Layne Langworth V",camille46@example.org,1,MEMBER,"BDT 4,328.00","13/11/2021 05:08:39"
182,"Marquise Bradtke",jayde.bahringer@example.org,1,MEMBER,"BDT 1,130.00","13/11/2021 05:08:39"
183,"Orie Wisoky",schiller.joshuah@example.com,1,MEMBER,"BDT 3,224.00","13/11/2021 05:08:39"
184,"Hilbert Quigley",iullrich@example.com,1,MEMBER,"BDT 1,639.00","13/11/2021 05:08:39"
185,"Prof. Morgan Bosco",kwuckert@example.com,1,MEMBER,"BDT 4,753.00","13/11/2021 05:08:39"
186,"Krystel Jaskolski",alberto83@example.net,1,MEMBER,"BDT 2,888.00","13/11/2021 05:08:39"
187,"Kyra Eichmann V",gabe06@example.org,1,MEMBER,"BDT 2,235.00","13/11/2021 05:08:39"
188,"Mr. Tre Crona II",kbartoletti@example.com,1,MEMBER,"BDT 2,148.00","13/11/2021 05:08:39"
189,"Mr. Theodore Stark MD",martine.tromp@example.net,1,MEMBER,BDT 116.00,"13/11/2021 05:08:39"
190,"Tracey Johnson",glennie.crona@example.com,1,MEMBER,"BDT 2,015.00","13/11/2021 05:08:39"
191,"Michaela Watsica",rlubowitz@example.org,1,MEMBER,"BDT 2,430.00","13/11/2021 05:08:39"
192,"Shanie Lemke",amelia02@example.org,1,MEMBER,"BDT 3,209.00","13/11/2021 05:08:39"
193,"Prof. Bettye Roob PhD",unique.kulas@example.net,1,MEMBER,"BDT 2,706.00","13/11/2021 05:08:39"
194,"Angie Altenwerth",trevion87@example.org,1,MEMBER,"BDT 3,652.00","13/11/2021 05:08:39"
195,"Mrs. Dawn Borer",wlueilwitz@example.net,1,MEMBER,"BDT 2,895.00","13/11/2021 05:08:39"
196,"Cameron Reinger I",heidenreich.trevor@example.net,1,MEMBER,"BDT 4,948.00","13/11/2021 05:08:39"
197,"Dr. Norwood Schuster",hosea.dickinson@example.com,1,MEMBER,BDT 262.00,"13/11/2021 05:08:39"
198,"Carolina Koepp III",maddison.aufderhar@example.com,1,MEMBER,"BDT 1,203.00","13/11/2021 05:08:39"
199,"Dr. Tracey Littel",elemke@example.net,1,MEMBER,BDT 679.00,"13/11/2021 05:08:39"
200,"Mr. Lavon Klocko",virginia22@example.com,1,MEMBER,BDT 156.00,"13/11/2021 05:08:39"
201,"Mrs. Bettye Mertz DDS",sanford.wiza@example.org,1,MEMBER,"BDT 1,874.00","13/11/2021 06:24:24"
202,"Luigi Leffler II",veffertz@example.net,1,MEMBER,"BDT 2,469.00","13/11/2021 06:24:24"
203,"Howell Abernathy",boehm.jacey@example.org,1,MEMBER,"BDT 2,105.00","13/11/2021 06:24:24"
204,"Prof. Sandrine Cassin",adriel48@example.com,1,MEMBER,"BDT 3,404.00","13/11/2021 06:24:24"
205,"Vincent Prohaska",foster.quitzon@example.com,1,MEMBER,"BDT 4,578.00","13/11/2021 06:24:24"
206,"Mrs. Christy Schumm DDS",ebba09@example.org,1,MEMBER,BDT 383.00,"13/11/2021 06:24:24"
207,"Rosalyn Stamm",kirsten.wisoky@example.net,0,MEMBER,"BDT 4,639.00","13/11/2021 06:24:24"
208,"Eino Ferry Jr.",zena.mohr@example.net,1,MEMBER,"BDT 4,759.00","13/11/2021 06:24:24"
209,"Prof. Rickey Kunze II",melvina.leffler@example.com,1,MEMBER,BDT 867.00,"13/11/2021 06:24:24"
210,"Kariane Satterfield",rory16@example.com,1,MEMBER,"BDT 4,550.00","13/11/2021 06:24:24"
211,"Josiane O'Keefes",veum.cassie@example.net,0,MEMBER,"BDT 2,104.00","13/11/2021 06:24:24"
212,"Luella Baumbach",delta31@example.com,1,MEMBER,"BDT 3,417.00","13/11/2021 06:24:24"
213,"Mr. Elwyn Klocko",lhamill@example.com,0,MEMBER,"BDT 3,673.00","13/11/2021 06:24:24"
214,"Luna Skiles",jazmin.huels@example.net,1,MEMBER,"BDT 4,997.00","13/11/2021 06:24:24"
215,"Ms. Amina Lubowitz",hayes.keenan@example.org,0,MEMBER,"BDT 1,015.00","13/11/2021 06:24:24"
216,"Sophia Blanda",roselyn25@example.net,0,MEMBER,BDT 222.00,"13/11/2021 06:24:24"
217,"Maggie Walter",kylee72@example.org,1,MEMBER,"BDT 2,885.00","13/11/2021 06:24:24"
218,"Neal Brakus",russel.harmony@example.org,0,MEMBER,"BDT 2,302.00","13/11/2021 06:24:24"
219,"Haskell Franecki",genesis22@example.net,1,MEMBER,"BDT 4,944.00","13/11/2021 06:24:24"
220,"Theodore Ferry",dhessel@example.com,0,MEMBER,"BDT 2,178.00","13/11/2021 06:24:24"
221,"Ernestina Gorczany I",willms.isabella@example.org,0,MEMBER,"BDT 1,473.00","13/11/2021 06:24:24"
222,"Miss Tiana Kirlin V",rbrakus@example.net,1,MEMBER,BDT 717.00,"13/11/2021 06:24:24"
223,"Audie Rath",qebert@example.net,1,MEMBER,"BDT 2,111.00","13/11/2021 06:24:24"
224,"Ricardo Weimann",graynor@example.com,0,MEMBER,"BDT 4,144.00","13/11/2021 06:24:24"
225,"Miss Aubrey Stokes",jaquan90@example.org,1,MEMBER,"BDT 4,487.00","13/11/2021 06:24:24"
226,"Ms. Rubye Durgan",qveum@example.org,0,MEMBER,"BDT 2,571.00","13/11/2021 06:24:24"
227,"Justus Walsh Jr.",rosario09@example.com,0,MEMBER,"BDT 2,861.00","13/11/2021 06:24:24"
228,"Dakota Becker Jr.",ludie93@example.net,1,MEMBER,BDT 182.00,"13/11/2021 06:24:24"
229,"Marguerite Jakubowski",eherman@example.org,1,MEMBER,BDT 778.00,"13/11/2021 06:24:24"
230,"Juston Schroeder",iquigley@example.com,0,MEMBER,"BDT 2,660.00","13/11/2021 06:24:24"
231,"Miss Asia Moen III",justine83@example.com,0,MEMBER,"BDT 2,230.00","13/11/2021 06:24:24"
232,"Jacques Monahan",wrippin@example.com,0,MEMBER,"BDT 1,736.00","13/11/2021 06:24:24"
233,"Abraham Abshire",veronica.grimes@example.com,0,MEMBER,BDT 940.00,"13/11/2021 06:24:24"
234,"Leland Adams",stokes.garry@example.org,0,MEMBER,"BDT 4,253.00","13/11/2021 06:24:24"
235,"Miss Nakia Crooks PhD",theron69@example.net,1,MEMBER,"BDT 1,710.00","13/11/2021 06:24:24"
236,"Trystan Oberbrunner",jyost@example.net,1,MEMBER,"BDT 4,820.00","13/11/2021 06:24:24"
237,"Rowena Schaden",xferry@example.org,0,MEMBER,BDT 865.00,"13/11/2021 06:24:24"
238,"Reese Schroeder",cblock@example.com,1,MEMBER,BDT 646.00,"13/11/2021 06:24:24"
239,"Mark Gulgowski",reymundo.doyle@example.com,1,MEMBER,BDT 850.00,"13/11/2021 06:24:25"
240,"Carroll Stehr IV",leif.haag@example.net,1,MEMBER,"BDT 1,566.00","13/11/2021 06:24:25"
241,"Marietta Senger",orval90@example.com,0,MEMBER,"BDT 2,806.00","13/11/2021 06:24:25"
242,"Lauretta Mertz Jr.",veum.arnaldo@example.com,0,MEMBER,"BDT 1,691.00","13/11/2021 06:24:25"
243,"Prof. Lowell Casper",kacey.kunde@example.org,1,MEMBER,"BDT 3,993.00","13/11/2021 06:24:25"
244,"Eldred Dickinson",npurdy@example.net,0,MEMBER,BDT 115.00,"13/11/2021 06:24:25"
245,"Lola Little",cecil20@example.org,1,MEMBER,"BDT 2,246.00","13/11/2021 06:24:25"
246,"Prof. Carmine Haag",korey15@example.com,1,MEMBER,BDT 990.00,"13/11/2021 06:24:25"
247,"Bell Nikolaus",pgaylord@example.com,1,MEMBER,"BDT 2,630.00","13/11/2021 06:24:25"
248,"Mr. Ryan Aufderhar MD",cecil.little@example.org,1,MEMBER,BDT 175.00,"13/11/2021 06:24:25"
249,"August Douglas PhD",nicklaus49@example.net,1,MEMBER,BDT 76.00,"13/11/2021 06:24:25"
250,"Manuela Goodwin DDS",harmon.blick@example.org,0,MEMBER,"BDT 4,473.00","13/11/2021 06:24:25"
